# Digitized from LD Physics Leaflet P6.3.3.1, Fig. 4 (NaCl, Mo tube, U = 35 kV,
# I = 1 mA, Δβ = 0.1°, Δt = 10 s) by model/scripts/digitize_fig4.py.
# panel=linear: R off the linear plot; panel=log: 10**(log10 R) off the log plot.
# Pixel resolution: linear ≈ 9 /s, log ≈ 2 % of R. Omitted: points where the curve
# touches the axis bottom (linear R ≲ 30 /s; log R ≈ 0.6 near β = 2.8°) and the
# linear segment β < 2.8°, which the tracer sees as detached. The log panel covers
# all of them and is the one to fit.
beta_deg,rate_per_s,panel
3.6,35.24,linear
3.7,101.3,linear
3.8,229.1,linear
3.9,361.2,linear
4.0,493.4,linear
4.1,581.5,linear
4.2,638.8,linear
4.3,696,linear
4.4,735.7,linear
4.5,775.3,linear
4.6,797.4,linear
4.7,823.8,linear
4.8,832.6,linear
4.9,841.4,linear
5.0,823.8,linear
5.1,845.8,linear
5.2,810.6,linear
5.3,797.4,linear
5.4,788.5,linear
5.5,793,linear
5.6,748.9,linear
5.7,744.5,linear
5.8,718.1,linear
5.9,700.4,linear
6.0,691.6,linear
6.1,665.2,linear
6.2,652,linear
6.3,788.5,linear
6.4,1132,linear
6.5,1493,linear
6.6,1084,linear
6.7,806.2,linear
6.8,630,linear
6.9,572.7,linear
7.0,550.7,linear
7.1,841.4,linear
7.2,1815,linear
7.3,2753,linear
7.4,1903,linear
7.5,1211,linear
7.6,696,linear
7.7,489,linear
7.8,405.3,linear
7.9,361.2,linear
8.0,339.2,linear
8.1,312.8,linear
8.2,304,linear
8.3,295.2,linear
8.4,277.5,linear
8.5,259.9,linear
8.6,251.1,linear
8.7,233.5,linear
8.8,233.5,linear
8.9,207,linear
9.0,215.9,linear
9.1,207,linear
9.2,207,linear
9.3,189.4,linear
9.4,189.4,linear
9.5,180.6,linear
9.6,171.8,linear
9.7,171.8,linear
9.8,154.2,linear
9.9,145.4,linear
10.0,145.4,linear
10.1,136.6,linear
10.2,127.8,linear
10.3,136.6,linear
10.4,136.6,linear
10.5,127.8,linear
10.6,127.8,linear
10.7,127.8,linear
10.8,127.8,linear
10.9,110.1,linear
11.0,110.1,linear
11.1,118.9,linear
11.2,110.1,linear
11.3,110.1,linear
11.4,101.3,linear
11.5,101.3,linear
11.6,110.1,linear
11.7,101.3,linear
11.8,101.3,linear
11.9,110.1,linear
12.0,101.3,linear
12.1,92.51,linear
12.2,110.1,linear
12.3,101.3,linear
12.4,101.3,linear
12.5,101.3,linear
12.6,92.51,linear
12.7,114.5,linear
12.8,149.8,linear
12.9,185,linear
13.0,348,linear
13.1,259.9,linear
13.2,167.4,linear
13.3,123.3,linear
13.4,92.51,linear
13.5,101.3,linear
13.6,83.7,linear
13.7,92.51,linear
13.8,92.51,linear
13.9,83.7,linear
14.0,83.7,linear
14.1,74.89,linear
14.2,83.7,linear
14.3,83.7,linear
14.4,110.1,linear
14.5,207,linear
14.6,612.3,linear
14.7,744.5,linear
14.8,471.4,linear
14.9,237.9,linear
15.0,123.3,linear
15.1,83.7,linear
15.2,74.89,linear
15.3,66.08,linear
15.4,66.08,linear
15.5,66.08,linear
15.6,57.27,linear
15.7,57.27,linear
15.8,57.27,linear
15.9,57.27,linear
16.0,57.27,linear
16.1,57.27,linear
16.2,48.46,linear
16.3,48.46,linear
16.4,48.46,linear
16.5,48.46,linear
16.6,48.46,linear
16.7,39.65,linear
16.8,48.46,linear
16.9,39.65,linear
17.0,48.46,linear
17.1,39.65,linear
17.2,39.65,linear
17.3,39.65,linear
17.4,30.84,linear
17.5,39.65,linear
17.6,39.65,linear
17.7,30.84,linear
17.8,39.65,linear
17.9,30.84,linear
18.0,30.84,linear
18.1,30.84,linear
18.2,30.84,linear
18.3,30.84,linear
18.4,30.84,linear
18.5,30.84,linear
18.6,30.84,linear
18.7,22.03,linear
18.8,22.03,linear
18.9,22.03,linear
19.0,22.03,linear
19.1,22.03,linear
19.2,30.84,linear
19.3,30.84,linear
19.4,39.65,linear
19.5,30.84,linear
19.6,48.46,linear
19.7,79.3,linear
19.8,66.08,linear
19.9,39.65,linear
20.0,22.03,linear
20.1,22.03,linear
20.2,22.03,linear
20.3,22.03,linear
20.4,22.03,linear
20.5,22.03,linear
20.6,22.03,linear
20.7,22.03,linear
20.8,22.03,linear
20.9,22.03,linear
21.1,22.03,linear
22.0,22.03,linear
22.1,70.48,linear
22.2,171.8,linear
22.3,167.4,linear
22.4,118.9,linear
22.5,61.67,linear
22.6,30.84,linear
2.0,319.6,log
2.1,270.3,log
2.2,201.6,log
2.3,131.3,log
2.4,68.61,log
2.5,30.97,log
2.6,12.46,log
2.7,5.742,log
2.9,6.443,log
3.0,5.864,log
3.1,5.926,log
3.2,5.623,log
3.3,6.649,log
3.4,9.793,log
3.5,16.35,log
3.6,33.32,log
3.7,101.1,log
3.8,221.5,log
3.9,358.5,log
4.0,485.7,log
4.1,580.3,log
4.2,637.6,log
4.3,693.3,log
4.4,730.5,log
4.5,777.9,log
4.6,794.3,log
4.7,828.3,log
4.8,828.3,log
4.9,845.8,log
5.0,828.3,log
5.1,845.8,log
5.2,811.1,log
5.3,794.3,log
5.4,794.3,log
5.5,794.3,log
5.6,746,log
5.7,746,log
5.8,715.4,log
5.9,700.6,log
6.0,686.1,log
6.1,657.9,log
6.2,651.1,log
6.3,769.8,log
6.4,1110,log
6.5,1488,log
6.6,1076,log
6.7,794.3,log
6.8,624.4,log
6.9,568.3,log
7.0,545,log
7.1,777.9,log
7.2,1705,log
7.3,2731,log
7.4,1854,log
7.5,1158,log
7.6,671.9,log
7.7,485.7,log
7.8,402.3,log
7.9,362.3,log
8.0,343.8,log
8.1,316.2,log
8.2,309.7,log
8.3,297,log
8.4,284.8,log
8.5,264.7,log
8.6,256.5,log
8.7,238.4,log
8.8,231,log
8.9,214.7,log
9.0,221.5,log
9.1,208.1,log
9.2,208.1,log
9.3,195.4,log
9.4,191.3,log
9.5,179.7,log
9.6,176,log
9.7,170.5,log
9.8,153.6,log
9.9,145.8,log
10.0,152,log
10.1,142.7,log
10.2,134.1,log
10.3,139.8,log
10.4,136.9,log
10.5,131.3,log
10.6,134.1,log
10.7,128.6,log
10.8,127.2,log
10.9,117,log
11.0,115.8,log
11.1,118.2,log
11.2,111,log
11.3,108.7,log
11.4,108.7,log
11.5,106.5,log
11.6,111,log
11.7,104.3,log
11.8,104.3,log
11.9,111,log
12.0,104.3,log
12.1,98.96,log
12.2,107.6,log
12.3,102.1,log
12.4,102.1,log
12.5,104.3,log
12.6,95.9,log
12.7,118.2,log
12.8,148.8,log
12.9,187.4,log
13.0,343.8,log
13.1,261.9,log
13.2,168.8,log
13.3,123.3,log
13.4,98.96,log
13.5,101.1,log
13.6,91.01,log
13.7,95.9,log
13.8,91.97,log
13.9,88.2,log
14.0,89.13,log
14.1,81.97,log
14.2,82.83,log
14.3,89.13,log
14.4,108.7,log
14.5,199.5,log
14.6,550.7,log
14.7,746,log
14.8,446.7,log
14.9,221.5,log
15.0,115.8,log
15.1,87.28,log
15.2,75.38,log
15.3,69.33,log
15.4,65.79,log
15.5,65.79,log
15.6,63.76,log
15.7,58.64,log
15.8,61.79,log
15.9,63.1,log
16.0,58.64,log
16.1,57.42,log
16.2,51.72,log
16.3,55.07,log
16.4,50.65,log
16.5,53.37,log
16.6,50.65,log
16.7,45.61,log
16.8,48.06,log
16.9,48.06,log
17.0,48.06,log
17.1,44.67,log
17.2,41.08,log
17.3,41.95,log
17.4,38.58,log
17.5,39.81,log
17.6,40.23,log
17.7,36.23,log
17.8,39.4,log
17.9,37.78,log
18.0,34.03,log
18.1,32.97,log
18.2,33.67,log
18.3,34.38,log
18.4,34.38,log
18.5,33.67,log
18.6,32.63,log
18.7,29.39,log
18.8,29.08,log
18.9,28.48,log
19.0,27.89,log
19.1,27.03,log
19.2,31.62,log
19.3,37.39,log
19.4,39.81,log
19.5,32.97,log
19.6,53.93,log
19.7,90.06,log
19.8,65.11,log
19.9,41.08,log
20.0,30.65,log
20.1,27.31,log
20.2,23.1,log
20.3,24.86,log
20.4,22.86,log
20.5,22.15,log
20.6,22.15,log
20.7,23.1,log
20.8,24.86,log
20.9,22.86,log
21.0,21.7,log
21.1,21.47,log
21.2,19.74,log
21.3,21.02,log
21.4,20.81,log
21.5,20.37,log
21.6,16.53,log
21.7,21.25,log
21.8,19.74,log
21.9,21.47,log
22.0,29.08,log
22.1,66.49,log
22.2,176,log
22.3,176,log
22.4,113.4,log
22.5,61.15,log
22.6,31.96,log
22.7,21.02,log
22.8,18.94,log
22.9,17.05,log
23.0,17.41,log
23.1,15.68,log
23.2,16.7,log
23.3,15.85,log
23.4,16.7,log
23.5,14.73,log
23.6,17.23,log
23.7,15.68,log
23.8,15.52,log
23.9,14.88,log
24.0,14.27,log
24.1,15.36,log
24.2,16.53,log
24.3,16.02,log
24.4,14.42,log
24.5,13.41,log
24.6,13.69,log
24.7,13.98,log
24.8,13.27,log
24.9,11.7,log
